entity_path,entity_type,cleanroom_target_name,primary_builtins_or_symbols,feature_guards,cleanroom_implementation_spec
include/module.modulemap,header_module (.metal / .h),module.modulemap.metal,MSL Type/Trait Definitions,0,Standard MSL Header (`module.modulemap.metal`) — `builtin_to_air_map.v2.csv` 直結組み込みラッパー
include/opencl-c-base.h,header_module (.metal / .h),opencl-c-base.metal,MSL Type/Trait Definitions,0,Standard MSL Header (`opencl-c-base.metal`) — `builtin_to_air_map.v2.csv` 直結組み込みラッパー
include/opencl-c.h,header_module (.metal / .h),opencl-c.metal,MSL Type/Trait Definitions,0,Standard MSL Header (`opencl-c.metal`) — `builtin_to_air_map.v2.csv` 直結組み込みラッパー
include/metal/TargetConditionals.h,header_module (.metal / .h),TargetConditionals.metal,MSL Type/Trait Definitions,0,Standard MSL Header (`TargetConditionals.metal`) — `builtin_to_air_map.v2.csv` 直結組み込みラッパー
include/metal/metal_array,header_module (.metal / .h),metal_array.metal,__HAVE_ARRAY__;__HAVE_COHERENT__;__HAVE_IMAGEBLOCKS__;__HAVE_MESH__;__HAVE_RAYTRACING__,5,Standard MSL Header (`metal_array.metal`) — `builtin_to_air_map.v2.csv` 直結組み込みラッパー
include/metal/metal_assert,header_module (.metal / .h),metal_assert.metal,MSL Type/Trait Definitions,0,Standard MSL Header (`metal_assert.metal`) — `builtin_to_air_map.v2.csv` 直結組み込みラッパー
include/metal/metal_atomic,header_module (.metal / .h),metal_atomic.metal,__HAVE_ATOMIC_BOOL__;__HAVE_ATOMIC_FENCE__;__HAVE_ATOMIC_FLOAT__;__HAVE_ATOMIC_TEMPLATE__;__HAVE_ATOMIC_ULONG_MIN_MAX__;__HAVE_ATOMIC_ULONG__;__HAVE_COHERENT__,7,Standard MSL Header (`metal_atomic.metal`) — `builtin_to_air_map.v2.csv` 直結組み込みラッパー
include/metal/metal_command_buffer,header_module (.metal / .h),metal_command_buffer.metal,__HAVE_COHERENT__;__HAVE_COMPUTE_COMMANDS_SET_IMAGEBLOCK_SIZE__;__HAVE_COMPUTE_COMMANDS__;__HAVE_COMPUTE_COMMAND_KERNEL_BUFFER_STRIDE__;__HAVE_GET_SIZE_COMMAND_BUFFER__;__HAVE_MESH__;__HAVE_RAYTRACING__;__HAVE_RENDER_COMMANDS__;__HAVE_RENDER_COMMAND_DEPTH_BIAS__;__HAVE_RENDER_COMMAND_DEPTH_CLIP_MODE__;__HAVE_RENDER_COMMAND_DEPTH_STENCIL_STATE__;__HAVE_RENDER_COMMAND_MESH__;__HAVE_RENDER_COMMAND_RENDERING__;__HAVE_RENDER_COMMAND_VERTEX_BUFFER_STRIDE__;__HAVE_RENDER_DRAW_PATCHES_TESSELLATION_FACTOR_SCALE__;__HAVE_RENDER_PIPELINE_STATE__,16,Standard MSL Header (`metal_command_buffer.metal`) — `builtin_to_air_map.v2.csv` 直結組み込みラッパー
include/metal/metal_common,header_module (.metal / .h),metal_common.metal,__HAVE_NATIVE_DOUBLE__;__HAVE_NATIVE_WIDE_VECTORS__,2,Standard MSL Header (`metal_common.metal`) — `builtin_to_air_map.v2.csv` 直結組み込みラッパー
include/metal/metal_compute,header_module (.metal / .h),metal_compute.metal,__HAVE_BARRIER_MEMORY_SCOPE__;__HAVE_COMPUTE_IMPROVED_INDIRECT__;__HAVE_DRAW_INDIRECT__;__HAVE_IMAGEBLOCKS__;__HAVE_MEMFLAG_OPERATORS__;__HAVE_MESH__;__HAVE_TEXTURE_READWRITE__,7,Standard MSL Header (`metal_compute.metal`) — `builtin_to_air_map.v2.csv` 直結組み込みラッパー
include/metal/metal_config,header_module (.metal / .h),metal_config.metal,MSL Type/Trait Definitions,0,Standard MSL Header (`metal_config.metal`) — `builtin_to_air_map.v2.csv` 直結組み込みラッパー
include/metal/metal_cooperative_tensor,header_module (.metal / .h),metal_cooperative_tensor.metal,__HAVE_TENSOR__,1,Inline MSL Header (`metal_tensor.metal`) — テンソル演算・不透明構造体定義ラッパー
include/metal/metal_curves,header_module (.metal / .h),metal_curves.metal,__HAVE_RAYTRACING_CURVES__,1,Standard MSL Header (`metal_curves.metal`) — `builtin_to_air_map.v2.csv` 直結組み込みラッパー
include/metal/metal_extended_vector,header_module (.metal / .h),metal_extended_vector.metal,__HAVE_BFLOAT__;__HAVE_NATIVE_DOUBLE__;__HAVE_NATIVE_WIDE_VECTORS__;__HAVE_SIMD_TYPES_PREFIX__,4,Standard MSL Header (`metal_extended_vector.metal`) — `builtin_to_air_map.v2.csv` 直結組み込みラッパー
include/metal/metal_functional,header_module (.metal / .h),metal_functional.metal,__HAVE_COHERENT__;__HAVE_IMAGEBLOCKS__;__HAVE_MESH__;__HAVE_RAYTRACING__,4,Standard MSL Header (`metal_functional.metal`) — `builtin_to_air_map.v2.csv` 直結組み込みラッパー
include/metal/metal_geometric,header_module (.metal / .h),metal_geometric.metal,__HAVE_NATIVE_DOUBLE__;__HAVE_NATIVE_WIDE_VECTORS__,2,Standard MSL Header (`metal_geometric.metal`) — `builtin_to_air_map.v2.csv` 直結組み込みラッパー
include/metal/metal_graphics,header_module (.metal / .h),metal_graphics.metal,__HAVE_DRAW_INDIRECT__;__HAVE_MESH__;__HAVE_NATIVE_WIDE_VECTORS__;__HAVE_RAYTRACING__,4,Standard MSL Header (`metal_graphics.metal`) — `builtin_to_air_map.v2.csv` 直結組み込みラッパー
include/metal/metal_imageblocks,header_module (.metal / .h),metal_imageblocks.metal,__HAVE_IMAGEBLOCKS__;__HAVE_TEXTURE_CUBE_ARRAY__,2,Standard MSL Header (`metal_imageblocks.metal`) — `builtin_to_air_map.v2.csv` 直結組み込みラッパー
include/metal/metal_initializer_list,header_module (.metal / .h),metal_initializer_list.metal,MSL Type/Trait Definitions,0,Standard MSL Header (`metal_initializer_list.metal`) — `builtin_to_air_map.v2.csv` 直結組み込みラッパー
include/metal/metal_integer,header_module (.metal / .h),metal_integer.metal,__HAVE_INTEGER_BIT_EDIT_FUNCTIONS__;__HAVE_INTEGER_LONG_FUNCTIONS__;__HAVE_MAD24__;__HAVE_MAX3__;__HAVE_MEDIAN3__;__HAVE_MIN3__;__HAVE_MUL24__;__HAVE_NATIVE_WIDE_VECTORS__,8,Standard MSL Header (`metal_integer.metal`) — `builtin_to_air_map.v2.csv` 直結組み込みラッパー
include/metal/metal_interpolate,header_module (.metal / .h),metal_interpolate.metal,__HAVE_INTERPOLATION_FUNCTIONS__,1,Standard MSL Header (`metal_interpolate.metal`) — `builtin_to_air_map.v2.csv` 直結組み込みラッパー
include/metal/metal_limits,header_module (.metal / .h),metal_limits.metal,__HAVE_BFLOAT__;__HAVE_NATIVE_DOUBLE__,2,Standard MSL Header (`metal_limits.metal`) — `builtin_to_air_map.v2.csv` 直結組み込みラッパー
include/metal/metal_logging,header_module (.metal / .h),metal_logging.metal,__HAVE_LOGGING__,1,Standard MSL Header (`metal_logging.metal`) — `builtin_to_air_map.v2.csv` 直結組み込みラッパー
include/metal/metal_math,header_module (.metal / .h),metal_math.metal,__HAVE_DIVIDE__;__HAVE_FMAX3__;__HAVE_FMA__;__HAVE_FMEDIAN3__;__HAVE_FMIN3__;__HAVE_MAX3__;__HAVE_MEDIAN3__;__HAVE_MIN3__;__HAVE_NATIVE_DOUBLE__;__HAVE_NATIVE_WIDE_VECTORS__;__HAVE_NEXTAFTER__;__HAVE_TRIG_PI__,12,Standard MSL Header (`metal_math.metal`) — `builtin_to_air_map.v2.csv` 直結組み込みラッパー
include/metal/metal_matrix,header_module (.metal / .h),metal_matrix.metal,__HAVE_COHERENT__;__HAVE_IMAGEBLOCKS__;__HAVE_MAKE_FILLED_MATRIX__;__HAVE_MATRIX_MULTIPLE_SCALAR_CONSTRUCTORS__;__HAVE_MATRIX_SCALAR_DIVISION__;__HAVE_MATRIX_THREADGROUP_DEFAULT_CONSTRUCTOR__;__HAVE_MESH__;__HAVE_NATIVE_DOUBLE__;__HAVE_RAYTRACING__,9,Standard MSL Header (`metal_matrix.metal`) — `builtin_to_air_map.v2.csv` 直結組み込みラッパー
include/metal/metal_mesh,header_module (.metal / .h),metal_mesh.metal,__HAVE_MESH__,1,Standard MSL Header (`metal_mesh.metal`) — `builtin_to_air_map.v2.csv` 直結組み込みラッパー
include/metal/metal_numeric,header_module (.metal / .h),metal_numeric.metal,MSL Type/Trait Definitions,0,Standard MSL Header (`metal_numeric.metal`) — `builtin_to_air_map.v2.csv` 直結組み込みラッパー
include/metal/metal_pack,header_module (.metal / .h),metal_pack.metal,__HAVE_PACK_UNPACK_RGB10A2_SNORM_FUNCTIONS__,1,Standard MSL Header (`metal_pack.metal`) — `builtin_to_air_map.v2.csv` 直結組み込みラッパー
include/metal/metal_packed_numeric,header_module (.metal / .h),metal_packed_numeric.metal,__HAVE_INT4B_FORMAT_TYPE__;__HAVE_PACKED_NUMERIC_TYPE__;__HAVE_PACKED_NUMERIC__,3,Standard MSL Header (`metal_packed_numeric.metal`) — `builtin_to_air_map.v2.csv` 直結組み込みラッパー
include/metal/metal_packed_vector,header_module (.metal / .h),metal_packed_vector.metal,__HAVE_BFLOAT__;__HAVE_NATIVE_DOUBLE__;__HAVE_NATIVE_WIDE_VECTORS__;__HAVE_SIMD_TYPES_PREFIX__,4,Standard MSL Header (`metal_packed_vector.metal`) — `builtin_to_air_map.v2.csv` 直結組み込みラッパー
include/metal/metal_pixel,header_module (.metal / .h),metal_pixel.metal,__HAVE_COHERENT__;__HAVE_IMAGEBLOCKS__;__HAVE_MESH__;__HAVE_PIXEL_DATA_TYPES__;__HAVE_RAYTRACING__,5,Standard MSL Header (`metal_pixel.metal`) — `builtin_to_air_map.v2.csv` 直結組み込みラッパー
include/metal/metal_quadgroup,header_module (.metal / .h),metal_quadgroup.metal,__HAVE_NATIVE_DOUBLE__;__HAVE_QUADGROUP_BALLOT__;__HAVE_QUADGROUP_BROADCAST_FIRST__;__HAVE_QUADGROUP_IS_FIRST__;__HAVE_QUADGROUP_REDUCTION__;__HAVE_QUADGROUP_SHUFFLE_AND_FILL__;__HAVE_QUADGROUP_SHUFFLE_ROTATE_DOWN__;__HAVE_QUADGROUP_SHUFFLE_ROTATE_UP__;__HAVE_QUADGROUP__,9,Standard MSL Header (`metal_quadgroup.metal`) — `builtin_to_air_map.v2.csv` 直結組み込みラッパー
include/metal/metal_raytracing,header_module (.metal / .h),metal_raytracing.metal,__HAVE_COHERENT__;__HAVE_MESH__;__HAVE_RAYTRACING_CURVES__;__HAVE_RAYTRACING_DIRECT_ACCESS__;__HAVE_RAYTRACING_EXTENDED_LIMITS__;__HAVE_RAYTRACING_INDIRECT_INSTANCE_BUILD__;__HAVE_RAYTRACING_INSTANCE_RANDOM_ACCESS__;__HAVE_RAYTRACING_INSTANCE_TRANSFORMS__;__HAVE_RAYTRACING_INTERSECTION_FUNCTION_BUFFER__;__HAVE_RAYTRACING_INTERSECTION_FUNCTION_HANDLES__;__HAVE_RAYTRACING_INTERSECTION_QUERY__;__HAVE_RAYTRACING_MOTION__;__HAVE_RAYTRACING_MULTI_LEVEL_INSTANCING__;__HAVE_RAYTRACING_PRIMITIVE_DATA__;__HAVE_RAYTRACING_TABLE_GET_BUFFERS__;__HAVE_RAYTRACING_TABLE_SET_BUFFERS__;__HAVE_RAYTRACING_USER_INSTANCE_ID__;__HAVE_RAYTRACING__,18,Inline MSL Header (`metal_raytracing.metal`) — intersector/query/result 組み込み関数ラッパー
include/metal/metal_relational,header_module (.metal / .h),metal_relational.metal,__HAVE_BFLOAT__;__HAVE_INTEGER_LONG_FUNCTIONS__;__HAVE_NATIVE_DOUBLE__;__HAVE_NATIVE_WIDE_VECTORS__;__HAVE_SELECT_FAST_PRECISE_FUNCTIONS__,5,Standard MSL Header (`metal_relational.metal`) — `builtin_to_air_map.v2.csv` 直結組み込みラッパー
include/metal/metal_simdgroup,header_module (.metal / .h),metal_simdgroup.metal,__HAVE_NATIVE_DOUBLE__;__HAVE_NATIVE_WIDE_VECTORS__;__HAVE_SIMDGROUP_BALLOT__;__HAVE_SIMDGROUP_BROADCAST_FIRST__;__HAVE_SIMDGROUP_IS_FIRST__;__HAVE_SIMDGROUP_REDUCTION__;__HAVE_SIMDGROUP_SHUFFLE_AND_FILL__;__HAVE_SIMDGROUP_SHUFFLE_ROTATE_DOWN__;__HAVE_SIMDGROUP_SHUFFLE_ROTATE_UP__;__HAVE_SIMDGROUP__,10,Inline MSL Header (`simd.metal`) — SIMD/ベクトル/行列演算 C++ インライン展開ラッパー
include/metal/metal_simdgroup_matrix,header_module (.metal / .h),metal_simdgroup_matrix.metal,__HAVE_BFLOAT__;__HAVE_SIMDGROUP_MATRIX__,2,Inline MSL Header (`simd.metal`) — SIMD/ベクトル/行列演算 C++ インライン展開ラッパー
include/metal/metal_stdlib,header_module (.metal / .h),metal_stdlib.metal,MSL Type/Trait Definitions,0,Standard MSL Header (`metal_stdlib.metal`) — `builtin_to_air_map.v2.csv` 直結組み込みラッパー
include/metal/metal_tensor,header_module (.metal / .h),metal_tensor.metal,__HAVE_COHERENT__;__HAVE_NATIVE_DOUBLE__;__HAVE_PACKED_NUMERIC_TYPE__;__HAVE_PACKED_NUMERIC__;__HAVE_TENSOR__,5,Inline MSL Header (`metal_tensor.metal`) — テンソル演算・不透明構造体定義ラッパー
include/metal/metal_tessellation,header_module (.metal / .h),metal_tessellation.metal,__HAVE_OPERATOR_ADDRESSOF_DELETED__;__HAVE_TESSELLATION__,2,Standard MSL Header (`metal_tessellation.metal`) — `builtin_to_air_map.v2.csv` 直結組み込みラッパー
include/metal/metal_texture,header_module (.metal / .h),metal_texture.metal,MSL Type/Trait Definitions,0,Standard MSL Header (`metal_texture.metal`) — `builtin_to_air_map.v2.csv` 直結組み込みラッパー
include/metal/metal_type_traits,header_module (.metal / .h),metal_type_traits.metal,__HAVE_COHERENT__;__HAVE_IMAGEBLOCKS__;__HAVE_MESH__;__HAVE_RAYTRACING__;__HAVE_TYPE_TRAIT_ADD_CONST__;__HAVE_TYPE_TRAIT_ADD_POINTER__;__HAVE_TYPE_TRAIT_COMMON_TYPE__;__HAVE_TYPE_TRAIT_IS_ABSTRACT__;__HAVE_TYPE_TRAIT_IS_ARRAY__;__HAVE_TYPE_TRAIT_IS_CONSTRUCTIBLE__;__HAVE_TYPE_TRAIT_IS_VOLATILE__;__HAVE_TYPE_TRAIT_REMOVE_EXTENT__,12,Standard MSL Header (`metal_type_traits.metal`) — `builtin_to_air_map.v2.csv` 直結組み込みラッパー
include/metal/metal_types,header_module (.metal / .h),metal_types.metal,__HAVE_ATOMIC_FENCE__;__HAVE_BFLOAT__;__HAVE_FUNCTION_CONSTANTS__;__HAVE_IMAGEBLOCKS__;__HAVE_MEMORY_COHERENCE__;__HAVE_MESH__;__HAVE_MTL_RESOURCE_ID__;__HAVE_NATIVE_DOUBLE__;__HAVE_NATIVE_LONG_LONG__;__HAVE_NULLPTR_T__;__HAVE_RAYTRACING__;__HAVE_TESSELLATION__;__HAVE_TEXTURE_READWRITE__;__HAVE_THREAD_SCOPE__,14,Standard MSL Header (`metal_types.metal`) — `builtin_to_air_map.v2.csv` 直結組み込みラッパー
include/metal/metal_types.h,header_module (.metal / .h),metal_types.metal,MSL Type/Trait Definitions,0,Standard MSL Header (`metal_types.metal`) — `builtin_to_air_map.v2.csv` 直結組み込みラッパー
include/metal/metal_uniform,header_module (.metal / .h),metal_uniform.metal,__HAVE_COHERENT__;__HAVE_IMAGEBLOCKS__;__HAVE_MESH__;__HAVE_RAYTRACING__;__HAVE_UNIFORM__,5,Standard MSL Header (`metal_uniform.metal`) — `builtin_to_air_map.v2.csv` 直結組み込みラッパー
include/metal/metal_utility,header_module (.metal / .h),metal_utility.metal,__HAVE_UTILITY_INDEX_SEQUENCE__,1,Standard MSL Header (`metal_utility.metal`) — `builtin_to_air_map.v2.csv` 直結組み込みラッパー
include/metal/metal_vertex_value,header_module (.metal / .h),metal_vertex_value.metal,__HAVE_VERTEX_VALUE__,1,Standard MSL Header (`metal_vertex_value.metal`) — `builtin_to_air_map.v2.csv` 直結組み込みラッパー
include/metal/metal_visible_function_table,header_module (.metal / .h),metal_visible_function_table.metal,__HAVE_COHERENT__;__HAVE_FUNCTION_HANDLES__;__HAVE_MESH__;__HAVE_RAYTRACING__;__HAVE_VISIBLE_FUNCTION_TABLE__,5,Standard MSL Header (`metal_visible_function_table.metal`) — `builtin_to_air_map.v2.csv` 直結組み込みラッパー
include/metal/module.modulemap,header_module (.metal / .h),module.modulemap.metal,MSL Type/Trait Definitions,0,Standard MSL Header (`module.modulemap.metal`) — `builtin_to_air_map.v2.csv` 直結組み込みラッパー
include/metal/__bits/metal_depth2d,header_module (.metal / .h),metal_depth2d.metal,__HAVE_16B_COORDS__;__HAVE_ARRAY__;__HAVE_CALCULATE_LOD__;__HAVE_COHERENT__;__HAVE_DEFAULT_CONSTRUCTABLE_TEXTURE__;__HAVE_DEVICE_COHERENT_READ_WRITE_TEXTURES__;__HAVE_IMAGEBLOCKS__;__HAVE_INDIRECT_ARGUMENT_BUFFER__;__HAVE_MESH__;__HAVE_MIN_LOD_CLAMP__;__HAVE_NULL_TEXTURE__;__HAVE_RAYTRACING__;__HAVE_SAMPLE_COMPARE_BIAS_OVERLOAD__;__HAVE_SAMPLE_COMPARE_GRADIENT2D_OVERLOAD__;__HAVE_SPARSE_SAMPLE_COMPARE_BIAS_OVERLOAD__;__HAVE_SPARSE_SAMPLE_COMPARE_GRADIENT2D_OVERLOAD__;__HAVE_SPARSE_TEXTURES__,17,Internal Header Submodule (`metal_depth2d.metal`) — stdlib 内部実装詳細・型定義
include/metal/__bits/metal_depth2d_array,header_module (.metal / .h),metal_depth2d_array.metal,__HAVE_16B_COORDS__;__HAVE_ARRAY__;__HAVE_CALCULATE_LOD__;__HAVE_COHERENT__;__HAVE_DEFAULT_CONSTRUCTABLE_TEXTURE__;__HAVE_DEVICE_COHERENT_READ_WRITE_TEXTURES__;__HAVE_IMAGEBLOCKS__;__HAVE_INDIRECT_ARGUMENT_BUFFER__;__HAVE_MESH__;__HAVE_MIN_LOD_CLAMP__;__HAVE_NULL_TEXTURE__;__HAVE_RAYTRACING__;__HAVE_SAMPLE_COMPARE_BIAS_OVERLOAD__;__HAVE_SAMPLE_COMPARE_GRADIENT2D_OVERLOAD__;__HAVE_SPARSE_SAMPLE_COMPARE_BIAS_OVERLOAD__;__HAVE_SPARSE_SAMPLE_COMPARE_GRADIENT2D_OVERLOAD__;__HAVE_SPARSE_TEXTURES__,17,Internal Header Submodule (`metal_depth2d_array.metal`) — stdlib 内部実装詳細・型定義
include/metal/__bits/metal_depth2d_ms,header_module (.metal / .h),metal_depth2d_ms.metal,__HAVE_16B_COORDS__;__HAVE_ARRAY__;__HAVE_COHERENT__;__HAVE_DEFAULT_CONSTRUCTABLE_TEXTURE__;__HAVE_DEVICE_COHERENT_READ_WRITE_TEXTURES__;__HAVE_IMAGEBLOCKS__;__HAVE_INDIRECT_ARGUMENT_BUFFER__;__HAVE_MESH__;__HAVE_NULL_TEXTURE__;__HAVE_RAYTRACING__;__HAVE_SPARSE_TEXTURES__,11,Internal Header Submodule (`metal_depth2d_ms.metal`) — stdlib 内部実装詳細・型定義
include/metal/__bits/metal_depth2d_ms_array,header_module (.metal / .h),metal_depth2d_ms_array.metal,__HAVE_16B_COORDS__;__HAVE_ARRAY__;__HAVE_COHERENT__;__HAVE_DEFAULT_CONSTRUCTABLE_TEXTURE__;__HAVE_DEPTH_2D_MS_ARRAY__;__HAVE_DEVICE_COHERENT_READ_WRITE_TEXTURES__;__HAVE_IMAGEBLOCKS__;__HAVE_INDIRECT_ARGUMENT_BUFFER__;__HAVE_MESH__;__HAVE_NULL_TEXTURE__;__HAVE_RAYTRACING__;__HAVE_SPARSE_TEXTURES__,12,Internal Header Submodule (`metal_depth2d_ms_array.metal`) — stdlib 内部実装詳細・型定義
include/metal/__bits/metal_depthcube,header_module (.metal / .h),metal_depthcube.metal,__HAVE_16B_COORDS__;__HAVE_ARRAY__;__HAVE_CALCULATE_LOD__;__HAVE_COHERENT__;__HAVE_DEFAULT_CONSTRUCTABLE_TEXTURE__;__HAVE_DEPTH_CUBE_READ__;__HAVE_DEVICE_COHERENT_READ_WRITE_TEXTURES__;__HAVE_IMAGEBLOCKS__;__HAVE_INDIRECT_ARGUMENT_BUFFER__;__HAVE_MESH__;__HAVE_MIN_LOD_CLAMP__;__HAVE_NULL_TEXTURE__;__HAVE_RAYTRACING__;__HAVE_SAMPLE_COMPARE_BIAS_OVERLOAD__;__HAVE_SAMPLE_COMPARE_GRADIENTCUBE_OVERLOAD__;__HAVE_SPARSE_TEXTURES__,16,Internal Header Submodule (`metal_depthcube.metal`) — stdlib 内部実装詳細・型定義
include/metal/__bits/metal_depthcube_array,header_module (.metal / .h),metal_depthcube_array.metal,__HAVE_16B_COORDS__;__HAVE_ARRAY__;__HAVE_CALCULATE_LOD__;__HAVE_COHERENT__;__HAVE_DEFAULT_CONSTRUCTABLE_TEXTURE__;__HAVE_DEPTH_CUBE_ARRAY__;__HAVE_DEVICE_COHERENT_READ_WRITE_TEXTURES__;__HAVE_IMAGEBLOCKS__;__HAVE_INDIRECT_ARGUMENT_BUFFER__;__HAVE_MESH__;__HAVE_MIN_LOD_CLAMP__;__HAVE_NULL_TEXTURE__;__HAVE_RAYTRACING__;__HAVE_SAMPLE_COMPARE_BIAS_OVERLOAD__;__HAVE_SAMPLE_COMPARE_GRADIENTCUBE_OVERLOAD__;__HAVE_SPARSE_SAMPLE_COMPARE_BIAS_OVERLOAD__;__HAVE_SPARSE_SAMPLE_COMPARE_GRADIENTCUBE_OVERLOAD__;__HAVE_SPARSE_TEXTURES__,18,Internal Header Submodule (`metal_depthcube_array.metal`) — stdlib 内部実装詳細・型定義
include/metal/__bits/metal_texture1d,header_module (.metal / .h),metal_texture1d.metal,__HAVE_16B_COORDS__;__HAVE_ARRAY__;__HAVE_COHERENT__;__HAVE_DEFAULT_CONSTRUCTABLE_TEXTURE__;__HAVE_DEVICE_COHERENT_READ_WRITE_TEXTURES__;__HAVE_IMAGEBLOCKS__;__HAVE_INDIRECT_ARGUMENT_BUFFER__;__HAVE_MESH__;__HAVE_NULL_TEXTURE__;__HAVE_RAYTRACING__;__HAVE_SPARSE_TEXTURES__;__HAVE_TEXTURE_RELAXED_ORDER_ATOMIC__;__HAVE_TEXTURE_ULONG_COLOR_CHANNEL__,13,Internal Header Submodule (`metal_texture1d.metal`) — stdlib 内部実装詳細・型定義
include/metal/__bits/metal_texture1d_array,header_module (.metal / .h),metal_texture1d_array.metal,__HAVE_16B_COORDS__;__HAVE_ARRAY__;__HAVE_COHERENT__;__HAVE_DEFAULT_CONSTRUCTABLE_TEXTURE__;__HAVE_DEVICE_COHERENT_READ_WRITE_TEXTURES__;__HAVE_IMAGEBLOCKS__;__HAVE_INDIRECT_ARGUMENT_BUFFER__;__HAVE_MESH__;__HAVE_NULL_TEXTURE__;__HAVE_RAYTRACING__;__HAVE_SPARSE_TEXTURES__;__HAVE_TEXTURE_READWRITE__;__HAVE_TEXTURE_RELAXED_ORDER_ATOMIC__;__HAVE_TEXTURE_ULONG_COLOR_CHANNEL__,14,Internal Header Submodule (`metal_texture1d_array.metal`) — stdlib 内部実装詳細・型定義
include/metal/__bits/metal_texture2d,header_module (.metal / .h),metal_texture2d.metal,__HAVE_16B_COORDS__;__HAVE_ARRAY__;__HAVE_CALCULATE_LOD__;__HAVE_COHERENT__;__HAVE_DEFAULT_CONSTRUCTABLE_TEXTURE__;__HAVE_DEVICE_COHERENT_READ_WRITE_TEXTURES__;__HAVE_IMAGEBLOCKS__;__HAVE_INDIRECT_ARGUMENT_BUFFER__;__HAVE_MESH__;__HAVE_MIN_LOD_CLAMP__;__HAVE_NULL_TEXTURE__;__HAVE_RAYTRACING__;__HAVE_SPARSE_TEXTURES__;__HAVE_TEXTURE_READWRITE__;__HAVE_TEXTURE_RELAXED_ORDER_ATOMIC__;__HAVE_TEXTURE_ULONG_COLOR_CHANNEL__,16,Internal Header Submodule (`metal_texture2d.metal`) — stdlib 内部実装詳細・型定義
include/metal/__bits/metal_texture2d_array,header_module (.metal / .h),metal_texture2d_array.metal,__HAVE_16B_COORDS__;__HAVE_ARRAY__;__HAVE_CALCULATE_LOD__;__HAVE_COHERENT__;__HAVE_DEFAULT_CONSTRUCTABLE_TEXTURE__;__HAVE_DEVICE_COHERENT_READ_WRITE_TEXTURES__;__HAVE_IMAGEBLOCKS__;__HAVE_INDIRECT_ARGUMENT_BUFFER__;__HAVE_MESH__;__HAVE_MIN_LOD_CLAMP__;__HAVE_NULL_TEXTURE__;__HAVE_RAYTRACING__;__HAVE_SPARSE_TEXTURES__;__HAVE_TEXTURE_READWRITE__;__HAVE_TEXTURE_RELAXED_ORDER_ATOMIC__;__HAVE_TEXTURE_ULONG_COLOR_CHANNEL__,16,Internal Header Submodule (`metal_texture2d_array.metal`) — stdlib 内部実装詳細・型定義
include/metal/__bits/metal_texture2d_ms,header_module (.metal / .h),metal_texture2d_ms.metal,__HAVE_16B_COORDS__;__HAVE_ARRAY__;__HAVE_COHERENT__;__HAVE_DEFAULT_CONSTRUCTABLE_TEXTURE__;__HAVE_DEVICE_COHERENT_READ_WRITE_TEXTURES__;__HAVE_IMAGEBLOCKS__;__HAVE_INDIRECT_ARGUMENT_BUFFER__;__HAVE_MESH__;__HAVE_NULL_TEXTURE__;__HAVE_RAYTRACING__;__HAVE_SPARSE_TEXTURES__;__HAVE_TEXTURE_ULONG_COLOR_CHANNEL__,12,Internal Header Submodule (`metal_texture2d_ms.metal`) — stdlib 内部実装詳細・型定義
include/metal/__bits/metal_texture2d_ms_array,header_module (.metal / .h),metal_texture2d_ms_array.metal,__HAVE_16B_COORDS__;__HAVE_ARRAY__;__HAVE_COHERENT__;__HAVE_DEFAULT_CONSTRUCTABLE_TEXTURE__;__HAVE_DEVICE_COHERENT_READ_WRITE_TEXTURES__;__HAVE_IMAGEBLOCKS__;__HAVE_INDIRECT_ARGUMENT_BUFFER__;__HAVE_MESH__;__HAVE_NULL_TEXTURE__;__HAVE_RAYTRACING__;__HAVE_SPARSE_TEXTURES__;__HAVE_TEXTURE_2D_MS_ARRAY__;__HAVE_TEXTURE_ULONG_COLOR_CHANNEL__,13,Internal Header Submodule (`metal_texture2d_ms_array.metal`) — stdlib 内部実装詳細・型定義
include/metal/__bits/metal_texture3d,header_module (.metal / .h),metal_texture3d.metal,__HAVE_16B_COORDS__;__HAVE_ARRAY__;__HAVE_CALCULATE_LOD__;__HAVE_COHERENT__;__HAVE_DEFAULT_CONSTRUCTABLE_TEXTURE__;__HAVE_DEVICE_COHERENT_READ_WRITE_TEXTURES__;__HAVE_IMAGEBLOCKS__;__HAVE_INDIRECT_ARGUMENT_BUFFER__;__HAVE_MESH__;__HAVE_MIN_LOD_CLAMP__;__HAVE_NULL_TEXTURE__;__HAVE_RAYTRACING__;__HAVE_SPARSE_TEXTURES__;__HAVE_TEXTURE_READWRITE__;__HAVE_TEXTURE_RELAXED_ORDER_ATOMIC__;__HAVE_TEXTURE_ULONG_COLOR_CHANNEL__,16,Internal Header Submodule (`metal_texture3d.metal`) — stdlib 内部実装詳細・型定義
include/metal/__bits/metal_texture_buffer,header_module (.metal / .h),metal_texture_buffer.metal,__HAVE_16B_COORDS__;__HAVE_ARRAY__;__HAVE_COHERENT__;__HAVE_DEFAULT_CONSTRUCTABLE_TEXTURE__;__HAVE_DEVICE_COHERENT_READ_WRITE_TEXTURES__;__HAVE_IMAGEBLOCKS__;__HAVE_INDIRECT_ARGUMENT_BUFFER__;__HAVE_MESH__;__HAVE_NULL_TEXTURE__;__HAVE_RAYTRACING__;__HAVE_TEXTURE_BUFFER__;__HAVE_TEXTURE_RELAXED_ORDER_ATOMIC__,12,Internal Header Submodule (`metal_texture_buffer.metal`) — stdlib 内部実装詳細・型定義
include/metal/__bits/metal_texture_common,header_module (.metal / .h),metal_texture_common.metal,__HAVE_ALWAYS_NEVER_COMPARE_FUNCTION__;__HAVE_ANISOTROPY_LOD_MIN_MAX__;__HAVE_ARRAYS_OF_SAMPLERS__;__HAVE_ARRAY__;__HAVE_BICUBIC_FILTERING__;__HAVE_BORDER_COLOR__;__HAVE_COHERENT__;__HAVE_COPY_ASSIGNABLE_TEXTURE__;__HAVE_DEFAULT_CONSTRUCTABLE_TEXTURE__;__HAVE_DEPTH_2D_MS_ARRAY__;__HAVE_DEPTH_CUBE_ARRAY__;__HAVE_DEVICE_COHERENT_READ_WRITE_TEXTURES__;__HAVE_IMAGEBLOCKS__;__HAVE_INDIRECT_ARGUMENT_BUFFER__;__HAVE_MESH__;__HAVE_MIN_LOD_CLAMP__;__HAVE_NONE_COMPARE_FUNCTION__;__HAVE_NULL_TEXTURE__;__HAVE_OPERATOR_ADDRESSOF_DELETED__;__HAVE_OPERATOR_COMMA_DELETED__;__HAVE_RAYTRACING__;__HAVE_SAMPLER_LOD_BIAS__;__HAVE_SAMPLER_REDUCTION__;__HAVE_SPARSE_TEXTURES__;__HAVE_TEXTURE_2D_MS_ARRAY__;__HAVE_TEXTURE_BUFFER__;__HAVE_TEXTURE_CUBE_ARRAY__;__HAVE_TEXTURE_READWRITE__;__HAVE_TEXTURE_RELAXED_ORDER_ATOMIC__;__HAVE_ZERO_LOD_ARG__,30,Internal Header Submodule (`metal_texture_common.metal`) — stdlib 内部実装詳細・型定義
include/metal/__bits/metal_texturecube,header_module (.metal / .h),metal_texturecube.metal,__HAVE_16B_COORDS__;__HAVE_ARRAY__;__HAVE_CALCULATE_LOD__;__HAVE_COHERENT__;__HAVE_DEFAULT_CONSTRUCTABLE_TEXTURE__;__HAVE_DEVICE_COHERENT_READ_WRITE_TEXTURES__;__HAVE_IMAGEBLOCKS__;__HAVE_INDIRECT_ARGUMENT_BUFFER__;__HAVE_MESH__;__HAVE_MIN_LOD_CLAMP__;__HAVE_NULL_TEXTURE__;__HAVE_RAYTRACING__;__HAVE_SPARSE_TEXTURES__;__HAVE_TEXTURE_CUBE_READ__;__HAVE_TEXTURE_CUBE_RELAXED_ORDER_ATOMIC__;__HAVE_TEXTURE_CUBE_WRITE__;__HAVE_TEXTURE_READWRITE__;__HAVE_TEXTURE_ULONG_COLOR_CHANNEL__,18,Internal Header Submodule (`metal_texturecube.metal`) — stdlib 内部実装詳細・型定義
include/metal/__bits/metal_texturecube_array,header_module (.metal / .h),metal_texturecube_array.metal,__HAVE_16B_COORDS__;__HAVE_ARRAY__;__HAVE_CALCULATE_LOD__;__HAVE_COHERENT__;__HAVE_DEFAULT_CONSTRUCTABLE_TEXTURE__;__HAVE_DEVICE_COHERENT_READ_WRITE_TEXTURES__;__HAVE_IMAGEBLOCKS__;__HAVE_INDIRECT_ARGUMENT_BUFFER__;__HAVE_MESH__;__HAVE_MIN_LOD_CLAMP__;__HAVE_NULL_TEXTURE__;__HAVE_RAYTRACING__;__HAVE_SPARSE_TEXTURES__;__HAVE_TEXTURE_CUBE_ARRAY_RELAXED_ORDER_ATOMIC__;__HAVE_TEXTURE_CUBE_ARRAY__;__HAVE_TEXTURE_READWRITE__;__HAVE_TEXTURE_ULONG_COLOR_CHANNEL__,17,Internal Header Submodule (`metal_texturecube_array.metal`) — stdlib 内部実装詳細・型定義
include/metal/__exec/units.h,header_module (.metal / .h),units.metal,__HAVE_EXECUTION_UNIT__,1,Standard MSL Header (`units.metal`) — `builtin_to_air_map.v2.csv` 直結組み込みラッパー
include/metal/__mdspan/extents.h,header_module (.metal / .h),extents.metal,__HAVE_TENSOR__,1,Standard MSL Header (`extents.metal`) — `builtin_to_air_map.v2.csv` 直結組み込みラッパー
include/metal/simd/matrix_types.h,header_module (.metal / .h),matrix_types.metal,__HAVE_NATIVE_DOUBLE__;__HAVE_SIMD_TYPES_PREFIX__,2,Standard MSL Header (`matrix_types.metal`) — `builtin_to_air_map.v2.csv` 直結組み込みラッパー
include/metal/simd/packed.h,header_module (.metal / .h),packed.metal,MSL Type/Trait Definitions,0,Standard MSL Header (`packed.metal`) — `builtin_to_air_map.v2.csv` 直結組み込みラッパー
include/metal/simd/simd.h,header_module (.metal / .h),simd.metal,MSL Type/Trait Definitions,0,Inline MSL Header (`simd.metal`) — SIMD/ベクトル/行列演算 C++ インライン展開ラッパー
include/metal/simd/vector_types.h,header_module (.metal / .h),vector_types.metal,MSL Type/Trait Definitions,0,Standard MSL Header (`vector_types.metal`) — `builtin_to_air_map.v2.csv` 直結組み込みラッパー
lib/darwin/MTLRaytracingRuntime.rtlib,precompiled_container (.metallib / .rtlib),MTLRaytracingRuntime.metallib,Precompiled Runtime Symbols / AIR Hooks,Target OS / Arch Specific,Precompiled Raytracing Runtime (`MTLRaytracingRuntime.metallib`) — レイ解析ハードウェア補助 Slice
lib/darwin/MTLShaderLoggingRuntime.rtlib,precompiled_container (.metallib / .rtlib),MTLShaderLoggingRuntime.metallib,Precompiled Runtime Symbols / AIR Hooks,Target OS / Arch Specific,Precompiled Logging Runtime (`MTLShaderLoggingRuntime.metallib`) — `os_log` 処理 AIR Slice
lib/darwin/libair_rt_ios.rtlib,precompiled_container (.metallib / .rtlib),libair_rt_ios.metallib,Precompiled Runtime Symbols / AIR Hooks,Target OS / Arch Specific,Precompiled AIR Runtime Slice (`libair_rt.metallib`) — 汎用ランタイム補助関数の AIR コンテナ
lib/darwin/libair_rt_iosmac.rtlib,precompiled_container (.metallib / .rtlib),libair_rt_iosmac.metallib,Precompiled Runtime Symbols / AIR Hooks,Target OS / Arch Specific,Precompiled AIR Runtime Slice (`libair_rt.metallib`) — 汎用ランタイム補助関数の AIR コンテナ
lib/darwin/libair_rt_iossim.rtlib,precompiled_container (.metallib / .rtlib),libair_rt_iossim.metallib,Precompiled Runtime Symbols / AIR Hooks,Target OS / Arch Specific,Precompiled AIR Runtime Slice (`libair_rt.metallib`) — 汎用ランタイム補助関数の AIR コンテナ
lib/darwin/libair_rt_osx.rtlib,precompiled_container (.metallib / .rtlib),libair_rt_osx.metallib,Precompiled Runtime Symbols / AIR Hooks,Target OS / Arch Specific,Precompiled AIR Runtime Slice (`libair_rt.metallib`) — 汎用ランタイム補助関数の AIR コンテナ
lib/darwin/libair_rt_tvos.rtlib,precompiled_container (.metallib / .rtlib),libair_rt_tvos.metallib,Precompiled Runtime Symbols / AIR Hooks,Target OS / Arch Specific,Precompiled AIR Runtime Slice (`libair_rt.metallib`) — 汎用ランタイム補助関数の AIR コンテナ
lib/darwin/libair_rt_tvossim.rtlib,precompiled_container (.metallib / .rtlib),libair_rt_tvossim.metallib,Precompiled Runtime Symbols / AIR Hooks,Target OS / Arch Specific,Precompiled AIR Runtime Slice (`libair_rt.metallib`) — 汎用ランタイム補助関数の AIR コンテナ
lib/darwin/libair_rt_watchos.rtlib,precompiled_container (.metallib / .rtlib),libair_rt_watchos.metallib,Precompiled Runtime Symbols / AIR Hooks,Target OS / Arch Specific,Precompiled AIR Runtime Slice (`libair_rt.metallib`) — 汎用ランタイム補助関数の AIR コンテナ
lib/darwin/libair_rt_watchossim.rtlib,precompiled_container (.metallib / .rtlib),libair_rt_watchossim.metallib,Precompiled Runtime Symbols / AIR Hooks,Target OS / Arch Specific,Precompiled AIR Runtime Slice (`libair_rt.metallib`) — 汎用ランタイム補助関数の AIR コンテナ
lib/darwin/libair_rt_xros.rtlib,precompiled_container (.metallib / .rtlib),libair_rt_xros.metallib,Precompiled Runtime Symbols / AIR Hooks,Target OS / Arch Specific,Precompiled AIR Runtime Slice (`libair_rt.metallib`) — 汎用ランタイム補助関数の AIR コンテナ
lib/darwin/libair_rt_xrossim.rtlib,precompiled_container (.metallib / .rtlib),libair_rt_xrossim.metallib,Precompiled Runtime Symbols / AIR Hooks,Target OS / Arch Specific,Precompiled AIR Runtime Slice (`libair_rt.metallib`) — 汎用ランタイム補助関数の AIR コンテナ
lib/darwin/libpost_mesh_dump_rt_ios.rtlib,precompiled_container (.metallib / .rtlib),libpost_mesh_dump_rt_ios.metallib,Precompiled Runtime Symbols / AIR Hooks,Target OS / Arch Specific,Precompiled Mesh Dump Hook (`libpost_mesh_dump_rt.metallib`) — メッシュシェーダ出力ダンプ用 Slice
lib/darwin/libpost_mesh_dump_rt_iosmac.rtlib,precompiled_container (.metallib / .rtlib),libpost_mesh_dump_rt_iosmac.metallib,Precompiled Runtime Symbols / AIR Hooks,Target OS / Arch Specific,Precompiled Mesh Dump Hook (`libpost_mesh_dump_rt.metallib`) — メッシュシェーダ出力ダンプ用 Slice
lib/darwin/libpost_mesh_dump_rt_iossim.rtlib,precompiled_container (.metallib / .rtlib),libpost_mesh_dump_rt_iossim.metallib,Precompiled Runtime Symbols / AIR Hooks,Target OS / Arch Specific,Precompiled Mesh Dump Hook (`libpost_mesh_dump_rt.metallib`) — メッシュシェーダ出力ダンプ用 Slice
lib/darwin/libpost_mesh_dump_rt_osx.rtlib,precompiled_container (.metallib / .rtlib),libpost_mesh_dump_rt_osx.metallib,Precompiled Runtime Symbols / AIR Hooks,Target OS / Arch Specific,Precompiled Mesh Dump Hook (`libpost_mesh_dump_rt.metallib`) — メッシュシェーダ出力ダンプ用 Slice
lib/darwin/libpost_mesh_dump_rt_tvos.rtlib,precompiled_container (.metallib / .rtlib),libpost_mesh_dump_rt_tvos.metallib,Precompiled Runtime Symbols / AIR Hooks,Target OS / Arch Specific,Precompiled Mesh Dump Hook (`libpost_mesh_dump_rt.metallib`) — メッシュシェーダ出力ダンプ用 Slice
lib/darwin/libpost_mesh_dump_rt_tvossim.rtlib,precompiled_container (.metallib / .rtlib),libpost_mesh_dump_rt_tvossim.metallib,Precompiled Runtime Symbols / AIR Hooks,Target OS / Arch Specific,Precompiled Mesh Dump Hook (`libpost_mesh_dump_rt.metallib`) — メッシュシェーダ出力ダンプ用 Slice
lib/darwin/libpost_mesh_dump_rt_watchos.rtlib,precompiled_container (.metallib / .rtlib),libpost_mesh_dump_rt_watchos.metallib,Precompiled Runtime Symbols / AIR Hooks,Target OS / Arch Specific,Precompiled Mesh Dump Hook (`libpost_mesh_dump_rt.metallib`) — メッシュシェーダ出力ダンプ用 Slice
lib/darwin/libpost_mesh_dump_rt_watchossim.rtlib,precompiled_container (.metallib / .rtlib),libpost_mesh_dump_rt_watchossim.metallib,Precompiled Runtime Symbols / AIR Hooks,Target OS / Arch Specific,Precompiled Mesh Dump Hook (`libpost_mesh_dump_rt.metallib`) — メッシュシェーダ出力ダンプ用 Slice
lib/darwin/libpost_mesh_dump_rt_xros.rtlib,precompiled_container (.metallib / .rtlib),libpost_mesh_dump_rt_xros.metallib,Precompiled Runtime Symbols / AIR Hooks,Target OS / Arch Specific,Precompiled Mesh Dump Hook (`libpost_mesh_dump_rt.metallib`) — メッシュシェーダ出力ダンプ用 Slice
lib/darwin/libpost_mesh_dump_rt_xrossim.rtlib,precompiled_container (.metallib / .rtlib),libpost_mesh_dump_rt_xrossim.metallib,Precompiled Runtime Symbols / AIR Hooks,Target OS / Arch Specific,Precompiled Mesh Dump Hook (`libpost_mesh_dump_rt.metallib`) — メッシュシェーダ出力ダンプ用 Slice
lib/darwin/libresource_tracking_rt_ios.rtlib,precompiled_container (.metallib / .rtlib),libresource_tracking_rt_ios.metallib,Precompiled Runtime Symbols / AIR Hooks,Target OS / Arch Specific,Precompiled Runtime Plugin (`libresource_tracking_rt_ios.metallib`) — GPU ベンダ別またはコンパイラ補助コンテナ
lib/darwin/libresource_tracking_rt_iosmac.rtlib,precompiled_container (.metallib / .rtlib),libresource_tracking_rt_iosmac.metallib,Precompiled Runtime Symbols / AIR Hooks,Target OS / Arch Specific,Precompiled Runtime Plugin (`libresource_tracking_rt_iosmac.metallib`) — GPU ベンダ別またはコンパイラ補助コンテナ
lib/darwin/libresource_tracking_rt_iossim.rtlib,precompiled_container (.metallib / .rtlib),libresource_tracking_rt_iossim.metallib,Precompiled Runtime Symbols / AIR Hooks,Target OS / Arch Specific,Precompiled Runtime Plugin (`libresource_tracking_rt_iossim.metallib`) — GPU ベンダ別またはコンパイラ補助コンテナ
lib/darwin/libresource_tracking_rt_osx.rtlib,precompiled_container (.metallib / .rtlib),libresource_tracking_rt_osx.metallib,Precompiled Runtime Symbols / AIR Hooks,Target OS / Arch Specific,Precompiled Runtime Plugin (`libresource_tracking_rt_osx.metallib`) — GPU ベンダ別またはコンパイラ補助コンテナ
lib/darwin/libresource_tracking_rt_tvos.rtlib,precompiled_container (.metallib / .rtlib),libresource_tracking_rt_tvos.metallib,Precompiled Runtime Symbols / AIR Hooks,Target OS / Arch Specific,Precompiled Runtime Plugin (`libresource_tracking_rt_tvos.metallib`) — GPU ベンダ別またはコンパイラ補助コンテナ
lib/darwin/libresource_tracking_rt_tvossim.rtlib,precompiled_container (.metallib / .rtlib),libresource_tracking_rt_tvossim.metallib,Precompiled Runtime Symbols / AIR Hooks,Target OS / Arch Specific,Precompiled Runtime Plugin (`libresource_tracking_rt_tvossim.metallib`) — GPU ベンダ別またはコンパイラ補助コンテナ
lib/darwin/libresource_tracking_rt_watchos.rtlib,precompiled_container (.metallib / .rtlib),libresource_tracking_rt_watchos.metallib,Precompiled Runtime Symbols / AIR Hooks,Target OS / Arch Specific,Precompiled Runtime Plugin (`libresource_tracking_rt_watchos.metallib`) — GPU ベンダ別またはコンパイラ補助コンテナ
lib/darwin/libresource_tracking_rt_watchossim.rtlib,precompiled_container (.metallib / .rtlib),libresource_tracking_rt_watchossim.metallib,Precompiled Runtime Symbols / AIR Hooks,Target OS / Arch Specific,Precompiled Runtime Plugin (`libresource_tracking_rt_watchossim.metallib`) — GPU ベンダ別またはコンパイラ補助コンテナ
lib/darwin/libresource_tracking_rt_xros.rtlib,precompiled_container (.metallib / .rtlib),libresource_tracking_rt_xros.metallib,Precompiled Runtime Symbols / AIR Hooks,Target OS / Arch Specific,Precompiled Runtime Plugin (`libresource_tracking_rt_xros.metallib`) — GPU ベンダ別またはコンパイラ補助コンテナ
lib/darwin/libresource_tracking_rt_xrossim.rtlib,precompiled_container (.metallib / .rtlib),libresource_tracking_rt_xrossim.metallib,Precompiled Runtime Symbols / AIR Hooks,Target OS / Arch Specific,Precompiled Runtime Plugin (`libresource_tracking_rt_xrossim.metallib`) — GPU ベンダ別またはコンパイラ補助コンテナ
lib/darwin/libtracepoint_rt_ios.metallib,precompiled_container (.metallib / .rtlib),libtracepoint_rt_ios.metallib,Precompiled Runtime Symbols / AIR Hooks,Target OS / Arch Specific,Precompiled Tracepoint Runtime (`libtracepoint_rt.metallib`) — デバッグ・トレース用 AIR Slice
lib/darwin/libtracepoint_rt_iosmac.metallib,precompiled_container (.metallib / .rtlib),libtracepoint_rt_iosmac.metallib,Precompiled Runtime Symbols / AIR Hooks,Target OS / Arch Specific,Precompiled Tracepoint Runtime (`libtracepoint_rt.metallib`) — デバッグ・トレース用 AIR Slice
lib/darwin/libtracepoint_rt_iossim.metallib,precompiled_container (.metallib / .rtlib),libtracepoint_rt_iossim.metallib,Precompiled Runtime Symbols / AIR Hooks,Target OS / Arch Specific,Precompiled Tracepoint Runtime (`libtracepoint_rt.metallib`) — デバッグ・トレース用 AIR Slice
lib/darwin/libtracepoint_rt_osx.metallib,precompiled_container (.metallib / .rtlib),libtracepoint_rt_osx.metallib,Precompiled Runtime Symbols / AIR Hooks,Target OS / Arch Specific,Precompiled Tracepoint Runtime (`libtracepoint_rt.metallib`) — デバッグ・トレース用 AIR Slice
lib/darwin/libtracepoint_rt_tvos.metallib,precompiled_container (.metallib / .rtlib),libtracepoint_rt_tvos.metallib,Precompiled Runtime Symbols / AIR Hooks,Target OS / Arch Specific,Precompiled Tracepoint Runtime (`libtracepoint_rt.metallib`) — デバッグ・トレース用 AIR Slice
lib/darwin/libtracepoint_rt_tvossim.metallib,precompiled_container (.metallib / .rtlib),libtracepoint_rt_tvossim.metallib,Precompiled Runtime Symbols / AIR Hooks,Target OS / Arch Specific,Precompiled Tracepoint Runtime (`libtracepoint_rt.metallib`) — デバッグ・トレース用 AIR Slice
lib/darwin/libtracepoint_rt_watchos.metallib,precompiled_container (.metallib / .rtlib),libtracepoint_rt_watchos.metallib,Precompiled Runtime Symbols / AIR Hooks,Target OS / Arch Specific,Precompiled Tracepoint Runtime (`libtracepoint_rt.metallib`) — デバッグ・トレース用 AIR Slice
lib/darwin/libtracepoint_rt_watchossim.metallib,precompiled_container (.metallib / .rtlib),libtracepoint_rt_watchossim.metallib,Precompiled Runtime Symbols / AIR Hooks,Target OS / Arch Specific,Precompiled Tracepoint Runtime (`libtracepoint_rt.metallib`) — デバッグ・トレース用 AIR Slice
lib/darwin/libtracepoint_rt_xros.metallib,precompiled_container (.metallib / .rtlib),libtracepoint_rt_xros.metallib,Precompiled Runtime Symbols / AIR Hooks,Target OS / Arch Specific,Precompiled Tracepoint Runtime (`libtracepoint_rt.metallib`) — デバッグ・トレース用 AIR Slice
lib/darwin/libtracepoint_rt_xrossim.metallib,precompiled_container (.metallib / .rtlib),libtracepoint_rt_xrossim.metallib,Precompiled Runtime Symbols / AIR Hooks,Target OS / Arch Specific,Precompiled Tracepoint Runtime (`libtracepoint_rt.metallib`) — デバッグ・トレース用 AIR Slice
